{"cameraMode":{"drawMode":0,"name":"Shaded","section":"Shading Mode"},"sceneLighting":true,"audioPlay":false,"sceneViewState":{"m_AlwaysRefresh":false,"showFog":true,"showSkybox":true,"showFlares":true,"showImageEffects":true,"showParticleSystems":true,"showVisualEffectGraphs":true,"m_FxEnabled":true},"in2DMode":false,"pivot":{"x":-0.13000011444091798,"y":3.1000001430511476,"z":-1.4799997806549073},"rotation":{"x":0.3388444781303406,"y":0.41138312220573428,"z":-0.16808980703353883,"w":0.8292801380157471},"size":12.12435531616211,"orthographic":false}